{"cameraMode":{"drawMode":0,"name":"Shaded","section":"Shading Mode"},"sceneLighting":true,"audioPlay":false,"sceneViewState":{"showFog":true,"showMaterialUpdate":false,"showSkybox":true,"showFlares":true,"showImageEffects":true,"showParticleSystems":true},"in2DMode":false,"pivot":{"x":-0.6689538955688477,"y":2.939812660217285,"z":-47.97516632080078},"rotation":{"x":-0.22058306634426118,"y":0.6206850409507752,"z":-0.18793494999408723,"w":-0.7285556197166443},"size":8.158541679382325,"orthographic":false}