{"cameraMode":{"drawMode":0,"name":"Shaded","section":"Shading Mode"},"sceneLighting":true,"audioPlay":false,"sceneViewState":{"showFog":true,"showMaterialUpdate":false,"showSkybox":true,"showFlares":true,"showImageEffects":true,"showParticleSystems":true},"in2DMode":false,"pivot":{"x":-0.10865460336208344,"y":2.9053115844726564,"z":-43.625972747802737},"rotation":{"x":-0.22058306634426118,"y":0.6206850409507752,"z":-0.18793494999408723,"w":-0.7285556197166443},"size":10.0,"orthographic":false}