{"cameraMode":{"drawMode":0,"name":"Shaded","section":"Shading Mode"},"sceneLighting":true,"audioPlay":false,"sceneViewState":{"showFog":true,"showMaterialUpdate":false,"showSkybox":true,"showFlares":true,"showImageEffects":true,"showParticleSystems":true},"in2DMode":false,"pivot":{"x":13.286874771118164,"y":-11.611662864685059,"z":-6.688961029052734},"rotation":{"x":-0.2198643535375595,"y":-0.05235150456428528,"z":0.011816767044365406,"w":-0.9740557670593262},"size":17.893583297729493,"orthographic":false}