{"cameraMode":{"drawMode":0,"name":"Shaded","section":"Shading Mode"},"sceneLighting":true,"audioPlay":false,"sceneViewState":{"showFog":true,"showMaterialUpdate":false,"showSkybox":true,"showFlares":true,"showImageEffects":true,"showParticleSystems":true},"in2DMode":false,"pivot":{"x":-1.4550987482070923,"y":-1.2174742221832276,"z":-29.63958168029785},"rotation":{"x":0.01783999800682068,"y":-0.9689244031906128,"z":0.2355724573135376,"w":0.07337279617786408},"size":4.100897789001465,"orthographic":false}